book_name,status
Amina Shanliko'g'li - Vijdon azobi.pdf,Success
Rumiy Ichingdagi ichingdadir.pdf,Success
Rumiy Ichingdagi ichingdadir.pdf,Success
Liderlar Kitobi.pdf,Success
Rumiy Ichingdagi ichingdadir.pdf,Success
Rumiy Ichingdagi ichingdadir.pdf,Success
Rumiy Ichingdagi ichingdadir.pdf,Success
Rumiy Ichingdagi ichingdadir.pdf,Success
Rumiy Ichingdagi ichingdadir.pdf,Success
Rumiy Ichingdagi ichingdadir.pdf,Success
Liderlar Kitobi.pdf,Success
Rumiy Ichingdagi ichingdadir.pdf,Success
Liderlar Kitobi.pdf,Success
Amina Shanliko'g'li - Vijdon azobi.pdf,Success
Liderlar Kitobi.pdf,Success
57-polk Falastin.pdf,Success
Rumiy Ichingdagi ichingdadir.pdf,Success
Sen mening qalbimdasan.pdf,Success
