id,title,company,location,description,apply_link
1,Senior Python Developer,"Payne, Roberts and Davis","Stewartbury, AA",No description available,https://realpython.github.io/fake-jobs/jobs/senior-python-developer-0.html
2,Energy engineer,Vasquez-Davidson,"Christopherville, AA",No description available,https://realpython.github.io/fake-jobs/jobs/energy-engineer-1.html
3,Legal executive,"Jackson, Chambers and Levy","Port Ericaburgh, AA",No description available,https://realpython.github.io/fake-jobs/jobs/legal-executive-2.html
4,Fitness centre manager,Savage-Bradley,"East Seanview, AP",No description available,https://realpython.github.io/fake-jobs/jobs/fitness-centre-manager-3.html
5,Product manager,Ramirez Inc,"North Jamieview, AP",No description available,https://realpython.github.io/fake-jobs/jobs/product-manager-4.html
6,Medical technical officer,Rogers-Yates,"Davidville, AP",No description available,https://realpython.github.io/fake-jobs/jobs/medical-technical-officer-5.html
7,Physiological scientist,Kramer-Klein,"South Christopher, AE",No description available,https://realpython.github.io/fake-jobs/jobs/physiological-scientist-6.html
8,Textile designer,Meyers-Johnson,"Port Jonathan, AE",No description available,https://realpython.github.io/fake-jobs/jobs/textile-designer-7.html
9,Television floor manager,Hughes-Williams,"Osbornetown, AE",No description available,https://realpython.github.io/fake-jobs/jobs/television-floor-manager-8.html
10,Waste management officer,"Jones, Williams and Villa","Scotttown, AP",No description available,https://realpython.github.io/fake-jobs/jobs/waste-management-officer-9.html
11,Software Engineer (Python),Garcia PLC,"Ericberg, AE",No description available,https://realpython.github.io/fake-jobs/jobs/software-engineer-python-10.html
12,Interpreter,Gregory and Sons,"Ramireztown, AE",No description available,https://realpython.github.io/fake-jobs/jobs/interpreter-11.html
13,Architect,"Clark, Garcia and Sosa","Figueroaview, AA",No description available,https://realpython.github.io/fake-jobs/jobs/architect-12.html
14,Meteorologist,Bush PLC,"Kelseystad, AA",No description available,https://realpython.github.io/fake-jobs/jobs/meteorologist-13.html
15,Audiological scientist,Salazar-Meyers,"Williamsburgh, AE",No description available,https://realpython.github.io/fake-jobs/jobs/audiological-scientist-14.html
16,English as a second language teacher,"Parker, Murphy and Brooks","Mitchellburgh, AE",No description available,https://realpython.github.io/fake-jobs/jobs/english-as-a-second-language-teacher-15.html
17,Surgeon,Cruz-Brown,"West Jessicabury, AA",No description available,https://realpython.github.io/fake-jobs/jobs/surgeon-16.html
18,Equities trader,Macdonald-Ferguson,"Maloneshire, AE",No description available,https://realpython.github.io/fake-jobs/jobs/equities-trader-17.html
19,Newspaper journalist,"Williams, Peterson and Rojas","Johnsonton, AA",No description available,https://realpython.github.io/fake-jobs/jobs/newspaper-journalist-18.html
20,Materials engineer,Smith and Sons,"South Davidtown, AP",No description available,https://realpython.github.io/fake-jobs/jobs/materials-engineer-19.html
21,Python Programmer (Entry-Level),"Moss, Duncan and Allen","Port Sara, AE",No description available,https://realpython.github.io/fake-jobs/jobs/python-programmer-entry-level-20.html
22,Product/process development scientist,Gomez-Carroll,"Marktown, AA",No description available,https://realpython.github.io/fake-jobs/jobs/product-process-development-scientist-21.html
23,"Scientist, research (maths)","Manning, Welch and Herring","Laurenland, AE",No description available,https://realpython.github.io/fake-jobs/jobs/scientist-research-maths-22.html
24,Ecologist,"Lee, Gutierrez and Brown","Lauraton, AP",No description available,https://realpython.github.io/fake-jobs/jobs/ecologist-23.html
25,Materials engineer,"Davis, Serrano and Cook","South Tammyberg, AP",No description available,https://realpython.github.io/fake-jobs/jobs/materials-engineer-24.html
26,Historic buildings inspector/conservation officer,Smith LLC,"North Brandonville, AP",No description available,https://realpython.github.io/fake-jobs/jobs/historic-buildings-inspector-conservation-officer-25.html
27,Data scientist,Thomas Group,"Port Robertfurt, AA",No description available,https://realpython.github.io/fake-jobs/jobs/data-scientist-26.html
28,Psychiatrist,Silva-King,"Burnettbury, AE",No description available,https://realpython.github.io/fake-jobs/jobs/psychiatrist-27.html
29,Structural engineer,Pierce-Long,"Herbertside, AA",No description available,https://realpython.github.io/fake-jobs/jobs/structural-engineer-28.html
30,Immigration officer,Walker-Simpson,"Christopherport, AP",No description available,https://realpython.github.io/fake-jobs/jobs/immigration-officer-29.html
31,Python Programmer (Entry-Level),Cooper and Sons,"West Victor, AE",No description available,https://realpython.github.io/fake-jobs/jobs/python-programmer-entry-level-30.html
32,Neurosurgeon,"Donovan, Gonzalez and Figueroa","Port Aaron, AP",No description available,https://realpython.github.io/fake-jobs/jobs/neurosurgeon-31.html
33,Broadcast engineer,"Morgan, Butler and Bennett","Loribury, AA",No description available,https://realpython.github.io/fake-jobs/jobs/broadcast-engineer-32.html
34,Make,Snyder-Lee,"Angelastad, AP",No description available,https://realpython.github.io/fake-jobs/jobs/make-33.html
35,"Nurse, adult",Harris PLC,"Larrytown, AE",No description available,https://realpython.github.io/fake-jobs/jobs/nurse-adult-34.html
36,Air broker,Washington PLC,"West Colin, AP",No description available,https://realpython.github.io/fake-jobs/jobs/air-broker-35.html
37,"Editor, film/video","Brown, Price and Campbell","West Stephanie, AP",No description available,https://realpython.github.io/fake-jobs/jobs/editor-film-video-36.html
38,"Production assistant, radio",Mcgee PLC,"Laurentown, AP",No description available,https://realpython.github.io/fake-jobs/jobs/production-assistant-radio-37.html
39,"Engineer, communications",Dixon Inc,"Wrightberg, AP",No description available,https://realpython.github.io/fake-jobs/jobs/engineer-communications-38.html
40,Sales executive,"Thompson, Sheppard and Ward","Alberttown, AE",No description available,https://realpython.github.io/fake-jobs/jobs/sales-executive-39.html
41,Software Developer (Python),Adams-Brewer,"Brockburgh, AE",No description available,https://realpython.github.io/fake-jobs/jobs/software-developer-python-40.html
42,Futures trader,Schneider-Brady,"North Jason, AE",No description available,https://realpython.github.io/fake-jobs/jobs/futures-trader-41.html
43,Tour manager,Gonzales-Frank,"Arnoldhaven, AE",No description available,https://realpython.github.io/fake-jobs/jobs/tour-manager-42.html
44,Cytogeneticist,Smith-Wong,"Lake Destiny, AP",No description available,https://realpython.github.io/fake-jobs/jobs/cytogeneticist-43.html
45,"Designer, multimedia",Pierce-Herrera,"South Timothyburgh, AP",No description available,https://realpython.github.io/fake-jobs/jobs/designer-multimedia-44.html
46,Trade union research officer,"Aguilar, Rivera and Quinn","New Jimmyton, AE",No description available,https://realpython.github.io/fake-jobs/jobs/trade-union-research-officer-45.html
47,"Chemist, analytical","Lowe, Barnes and Thomas","New Lucasbury, AP",No description available,https://realpython.github.io/fake-jobs/jobs/chemist-analytical-46.html
48,"Programmer, multimedia","Lewis, Gonzalez and Vasquez","Port Cory, AE",No description available,https://realpython.github.io/fake-jobs/jobs/programmer-multimedia-47.html
49,"Engineer, broadcasting (operations)",Taylor PLC,"Gileston, AA",No description available,https://realpython.github.io/fake-jobs/jobs/engineer-broadcasting-operations-48.html
50,"Teacher, primary school","Oliver, Jones and Ramirez","Cindyshire, AA",No description available,https://realpython.github.io/fake-jobs/jobs/teacher-primary-school-49.html
51,Python Developer,Rivera and Sons,"East Michaelfort, AA",No description available,https://realpython.github.io/fake-jobs/jobs/python-developer-50.html
52,Manufacturing systems engineer,Garcia PLC,"Joybury, AE",No description available,https://realpython.github.io/fake-jobs/jobs/manufacturing-systems-engineer-51.html
53,"Producer, television/film/video","Johnson, Wells and Kramer","Emmatown, AE",No description available,https://realpython.github.io/fake-jobs/jobs/producer-television-film-video-52.html
54,"Scientist, forensic",Gonzalez LLC,"Colehaven, AP",No description available,https://realpython.github.io/fake-jobs/jobs/scientist-forensic-53.html
55,Bonds trader,"Morgan, White and Macdonald","Port Coryton, AE",No description available,https://realpython.github.io/fake-jobs/jobs/bonds-trader-54.html
56,Editorial assistant,Robinson-Fitzpatrick,"Amyborough, AA",No description available,https://realpython.github.io/fake-jobs/jobs/editorial-assistant-55.html
57,Photographer,"Waters, Wilson and Hoover","Reynoldsville, AA",No description available,https://realpython.github.io/fake-jobs/jobs/photographer-56.html
58,Retail banker,Hill LLC,"Port Billy, AP",No description available,https://realpython.github.io/fake-jobs/jobs/retail-banker-57.html
59,Jewellery designer,Li-Gregory,"Adamburgh, AA",No description available,https://realpython.github.io/fake-jobs/jobs/jewellery-designer-58.html
60,Ophthalmologist,"Fisher, Ryan and Coleman","Wilsonmouth, AA",No description available,https://realpython.github.io/fake-jobs/jobs/ophthalmologist-59.html
61,"Back-End Web Developer (Python, Django)",Stewart-Alexander,"South Kimberly, AA",No description available,https://realpython.github.io/fake-jobs/jobs/back-end-web-developer-python-django-60.html
62,Licensed conveyancer,Abbott and Sons,"Benjaminland, AP",No description available,https://realpython.github.io/fake-jobs/jobs/licensed-conveyancer-61.html
63,Futures trader,"Bryant, Santana and Davenport","Zacharyport, AA",No description available,https://realpython.github.io/fake-jobs/jobs/futures-trader-62.html
64,Counselling psychologist,Smith PLC,"Port Devonville, AE",No description available,https://realpython.github.io/fake-jobs/jobs/counselling-psychologist-63.html
65,Insurance underwriter,Patterson-Singh,"East Thomas, AE",No description available,https://realpython.github.io/fake-jobs/jobs/insurance-underwriter-64.html
66,"Engineer, automotive",Martinez-Berry,"New Jeffrey, AP",No description available,https://realpython.github.io/fake-jobs/jobs/engineer-automotive-65.html
67,"Producer, radio","May, Taylor and Fisher","Davidside, AA",No description available,https://realpython.github.io/fake-jobs/jobs/producer-radio-66.html
68,Dispensing optician,"Bailey, Owen and Thompson","Jamesville, AA",No description available,https://realpython.github.io/fake-jobs/jobs/dispensing-optician-67.html
69,"Designer, fashion/clothing",Vasquez Ltd,"New Kelly, AP",No description available,https://realpython.github.io/fake-jobs/jobs/designer-fashion-clothing-68.html
70,Chartered loss adjuster,Leblanc LLC,"Lake Antonio, AA",No description available,https://realpython.github.io/fake-jobs/jobs/chartered-loss-adjuster-69.html
71,"Back-End Web Developer (Python, Django)","Jackson, Ali and Mckee","New Elizabethside, AA",No description available,https://realpython.github.io/fake-jobs/jobs/back-end-web-developer-python-django-70.html
72,Forest/woodland manager,"Blankenship, Knight and Powell","Millsbury, AE",No description available,https://realpython.github.io/fake-jobs/jobs/forest-woodland-manager-71.html
73,Clinical cytogeneticist,"Patton, Haynes and Jones","Lloydton, AP",No description available,https://realpython.github.io/fake-jobs/jobs/clinical-cytogeneticist-72.html
74,Print production planner,Wood Inc,"Port Jeremy, AA",No description available,https://realpython.github.io/fake-jobs/jobs/print-production-planner-73.html
75,Systems developer,Collins Group,"New Elizabethtown, AA",No description available,https://realpython.github.io/fake-jobs/jobs/systems-developer-74.html
76,Graphic designer,Flores-Nelson,"Charlesstad, AE",No description available,https://realpython.github.io/fake-jobs/jobs/graphic-designer-75.html
77,Writer,"Mitchell, Jones and Olson","Josephbury, AE",No description available,https://realpython.github.io/fake-jobs/jobs/writer-76.html
78,Field seismologist,Howard Group,"Seanfurt, AA",No description available,https://realpython.github.io/fake-jobs/jobs/field-seismologist-77.html
79,Chief Strategy Officer,Kramer-Edwards,"Williambury, AA",No description available,https://realpython.github.io/fake-jobs/jobs/chief-strategy-officer-78.html
80,Air cabin crew,Berry-Houston,"South Jorgeside, AP",No description available,https://realpython.github.io/fake-jobs/jobs/air-cabin-crew-79.html
81,Python Programmer (Entry-Level),Mathews Inc,"Robertborough, AP",No description available,https://realpython.github.io/fake-jobs/jobs/python-programmer-entry-level-80.html
82,Warden/ranger,Riley-Johnson,"South Saratown, AP",No description available,https://realpython.github.io/fake-jobs/jobs/warden-ranger-81.html
83,Sports therapist,Spencer and Sons,"Hullview, AA",No description available,https://realpython.github.io/fake-jobs/jobs/sports-therapist-82.html
84,Arts development officer,Camacho-Sanchez,"Philipland, AP",No description available,https://realpython.github.io/fake-jobs/jobs/arts-development-officer-83.html
85,Printmaker,Oliver and Sons,"North Patty, AE",No description available,https://realpython.github.io/fake-jobs/jobs/printmaker-84.html
86,Health and safety adviser,Eaton PLC,"North Stephen, AE",No description available,https://realpython.github.io/fake-jobs/jobs/health-and-safety-adviser-85.html
87,Manufacturing systems engineer,Stanley-Frederick,"Stevensland, AP",No description available,https://realpython.github.io/fake-jobs/jobs/manufacturing-systems-engineer-86.html
88,"Programmer, applications",Bradley LLC,"Reyesstad, AE",No description available,https://realpython.github.io/fake-jobs/jobs/programmer-applications-87.html
89,Medical physicist,"Parker, Goodwin and Zavala","Bellberg, AP",No description available,https://realpython.github.io/fake-jobs/jobs/medical-physicist-88.html
90,Media planner,Kim-Miles,"North Johnland, AE",No description available,https://realpython.github.io/fake-jobs/jobs/media-planner-89.html
91,Software Developer (Python),Moreno-Rodriguez,"Martinezburgh, AE",No description available,https://realpython.github.io/fake-jobs/jobs/software-developer-python-90.html
92,"Surveyor, land/geomatics",Brown-Ortiz,"Joshuatown, AE",No description available,https://realpython.github.io/fake-jobs/jobs/surveyor-land-geomatics-91.html
93,Legal executive,Hartman PLC,"West Ericstad, AA",No description available,https://realpython.github.io/fake-jobs/jobs/legal-executive-92.html
94,"Librarian, academic",Brooks Inc,"Tuckertown, AE",No description available,https://realpython.github.io/fake-jobs/jobs/librarian-academic-93.html
95,Barrister,Washington-Castillo,"Perezton, AE",No description available,https://realpython.github.io/fake-jobs/jobs/barrister-94.html
96,Museum/gallery exhibitions officer,"Nguyen, Yoder and Petty","Lake Abigail, AE",No description available,https://realpython.github.io/fake-jobs/jobs/museum-gallery-exhibitions-officer-95.html
97,"Radiographer, diagnostic",Holder LLC,"Jacobshire, AP",No description available,https://realpython.github.io/fake-jobs/jobs/radiographer-diagnostic-96.html
98,Database administrator,Yates-Ferguson,"Port Susan, AE",No description available,https://realpython.github.io/fake-jobs/jobs/database-administrator-97.html
99,Furniture designer,Ortega-Lawrence,"North Tiffany, AA",No description available,https://realpython.github.io/fake-jobs/jobs/furniture-designer-98.html
100,Ship broker,"Fuentes, Walls and Castro","Michelleville, AP",No description available,https://realpython.github.io/fake-jobs/jobs/ship-broker-99.html
